group,paper,arxiv_id,year,venue,method,upside,method_downside,memory,quality,accepted_tokens,speed,llama_results,datasets,code,verified
1a,Speculative Decoding (Leviathan),2211.17192,2022,ICML 2023 (oral),Small AR drafter proposes gamma tokens; target scores them in one pass; modified rejection sampling,"Target verifies gamma tokens in one memory-bound pass, so latency drops with no change to the output distribution","Separate drafter runs gamma sequential passes and keeps its own KV cache; drafter must share the target tokenizer; rejected tokens waste target FLOPs (more total arithmetic), which hurts once compute-bound",Separate drafter (T5-small 77M to T5-large for T5-XXL) + its KV cache (unv.),lossless,"not reported as tau; acceptance rate alpha per pair/task (e.g. ~0.75 EnDe T5-small, unv.)","2-3x vs T5X on T5-XXL 11B, TPU-v4, bs1 (unv.); ~3.4x EnDe T=0 with T5-small (unv.)",none,"WMT EnDe, CNN/DM (T5); lm1b (GPT-like 97M); LaMDA 137B dialog (alpha only)",none official,X
1a,"Speculative Sampling (Chen, DeepMind)",2302.01318,2023,arXiv,Independent derivation of lossless speculative sampling with a separately trained drafter,Same draft-then-verify gain; works for greedy and nucleus sampling,"Drafter is a separate 4B model trained for the target (same tokenizer), with its own weights and KV; drafting is sequential so drafter latency grows with K; speedup plateaus or regresses as K grows (stated)","4B drafter (~8 GB bf16, est.) + its KV cache",lossless,not reported,"2-2.5x on Chinchilla 70B, distributed TPU setup (abstract); per-task numbers not captured",none,"XSum, HumanEval",none,A
1a,DistillSpec,2310.08461,2023,ICLR 2024,KD of drafter on on-policy (drafter-generated) data with divergence chosen per task (FKL/RKL/JSD/TVD),"Aligns drafter to target distribution where drafter actually samples, raising block efficiency","Training needs target logits for every drafter-generated token (target forward in the training loop); best divergence is task/decoding dependent, so per-setting tuning; drafter stays a separate model + KV",Separate drafter (T5-Small 77M for T5-XL 3B; 33M for 234M decoder) + its KV,lossless (lossy-SD variant: XSum Rouge2 23.1 -> 23.0),not reported as tau; block efficiency figures only,"+10-45% over standard SD; lossy SD 6-10x latency cut; TPUv4, bs1",none (paper has no LLaMA/Vicuna),"XSum, CNN/DM, WMT EnDe, GSM8K, LM1B, BigBenchHard (transfer)",none found,X
1a,Online SD (OSD),2310.07177,2023,ICML 2024,Continually distill the drafter on live query traffic using verification results (rejected tokens),"Drafter tracks the actual query distribution, raising acceptance without offline data collection","Online training runs on serving GPUs (gradients, optimizer state, target logits buffer) and assumes idle compute; drafter weights change during serving, so behavior drifts and replicas can diverge; separate drafter + KV","LLaMA-160M drafter + its KV + training state (grads, optimizer) on serving GPU (est.)",lossless,not reported as tau; token acceptance rate +0.1 to +0.65,1.22-3.06x latency reduction (README/abstract); hardware not captured,Vicuna-7B target with LLaMA-160M drafter among pairs; per-model numbers not captured,"Spider, GSM8K, Code-Search-Python, Alpaca-finance; T5 experiments",https://github.com/LiuXiaoxuanPKU/OSD,A
1a,Direct Alignment / TVD++ (Qualcomm),2403.00858,2024,arXiv,"Pretrain 115M drafter, build distillation set from target generations, fine-tune with TVD++ loss",Small dedicated drafter aligned to a chat-tuned target via a variance-reduced TV objective,Drafter must be pretrained from scratch with target tokenizer (32 A100 pretraining) plus target-generated distillation data; separate model + KV; fine-tuned drafter can lose to base drafter on OOD tasks (stated),"115M drafter (4 layers, d=1024) + its KV",lossless,"block efficiency up to 2.3 (gamma=3, Llama 2 Chat 7B); CNN/DM 2.29 -> 2.4","up to 2.4x vs AR, reported as MBSU (memory-bound speedup), not wall-clock","Llama 2 Chat 7B: block eff. up to 2.3, up to 2.4x MBSU","Dolly-15k, XSum, CNN/DM",none found,X
1a,AdaSPEC,2510.19779,2025,"NeurIPS 2025 (spotlight, per repo)","Selective KD: train a reference drafter, then distill only on top-k% tokens by loss gap (default k=0.4)","Drafter spends its small capacity on tokens it can match, raising acceptance","Needs an extra reference-model distillation run (two-phase training); drafter is trained on only ~40% of tokens, so it is deliberately weak on hard tokens; separate drafter + KV","Separate drafter (Pythia-31M, CodeGen-350M, Qwen2.5-0.5B) + KV; reference model is training-only",lossless,"not reported as tau; acceptance rate e.g. GSM8K 62.6% vs 57.6% (Pythia 31M->1.4B), MBPP 65.1% vs 49.9% (optimal)","+6-27% tokens/s over DistillSpec (A100, greedy); e.g. MBPP 0.69 -> 0.57 s/sentence","EAGLE integration, Vicuna-7B-v1.3 MT-Bench: 63.48 -> 68.21 tok/s, acceptance 75.3% -> 76.3%","GSM8K, Alpaca, MBPP, CNN/DM, XSum; MT-Bench (EAGLE integration)",https://github.com/yuezhouhu/adaspec,X
1a,Scaling Laws for SD (Scylla),2505.07858,2025,arXiv,"Log-linear laws for acceptance vs drafter pretraining tokens, capacity and batch; builds multi-layer EAGLE-style Scylla drafter",Pretraining the drafter on ~10B tokens and adding layers raises acceptance well above EAGLE-2,"Bigger multi-layer drafter (up to 5 layers) costs more per draft step; needs ~10B-token drafter pretraining; EAGLE-style, so tied to target features and retrained per target",138M / 275M / 413M drafter (1/2/5 layers) + its KV,lossless,"tau 6.45 vs EAGLE-2 3.94 (Vicuna-7B, T=0); 5.22 vs 4.06 (Qwen2.5-7B, T=0)","~2x throughput over EAGLE-2 on Qwen2.5-72B, 4 GPUs, bs64 (2150 vs 980 tok/s)",T=0 tau: Vicuna-7B 6.45; Llama2-Chat-70B 5.64 (EAGLE-2 4.26); Llama3-Instruct-8B 5.25 (EAGLE-2 4.19),"MT-Bench, HumanEval, GSM8K, Alpaca, CNN/DM, Natural Questions","none found (""released later"")",X
1b,Medusa,2401.10774,2024,ICML 2024,"K extra FFN heads on last hidden state predict t+2..t+K+1 independently; tree attention; Medusa-1 frozen, Medusa-2 joint",No separate model or KV; heads reuse target features and train cheaply (5 h on A100 for 7B),"Heads predict each offset independently, so later heads ignore earlier choices and acceptance decays with depth; each head has its own vocab-size projection; Medusa-2 changes backbone weights and typical acceptance is lossy","not reported; ~0.15B per head at 7B (d x d ResBlock + d x 32k head), ~0.74B for 5 heads (est.)",lossless for Medusa-1 greedy; typical acceptance lossy: MT-Bench score delta -0.14 to +0.05,"acceleration rate 3.47 (Vicuna-7B, Medusa-2); 3.51 (13B); 3.01 (33B)","Medusa-1 2.18x, Medusa-2 2.83x (Vicuna-7B, A100, bs1, MT-Bench)","Vicuna-7B M1 2.18x, M2 2.83x; Vicuna-13B M1 2.33x, M2 2.83x; Vicuna-33B M2 2.35x (MT-Bench, bs1)","MT-Bench (train: ShareGPT, UltraChat self-distill)",https://github.com/FasterDecoding/Medusa,X
1b,Hydra / Hydra++,2402.05109,2024,COLM 2024,"Draft heads conditioned on previously drafted tokens; Hydra++ adds 4-layer MLP heads, extra decoder layer, teacher distillation","Sequential dependency fixes Medusa's independent-head problem, raising acceptance ~20%","Heads now run sequentially (one call per draft position), so drafting latency grows with depth; Hydra++ extra decoder layer adds its own KV cache; retrained per target","not reported; larger than Medusa heads (4-layer MLP per head + 1 decoder layer ~0.2B at 7B, est.)",lossless (greedy); typical sampling eps=0.15 matches base quality (stated),"Hydra++ tau 3.70 (Vicuna-7B), 3.72 (13B), 3.62 (33B), MT-Bench greedy","Hydra++ 2.70x vs AR, 1.27x vs Medusa (Vicuna-7B, A100-40GB, bs1); 1.63x at bs8","Hydra++ Vicuna-7B 2.70x/tau 3.70; 13B 2.50x/3.72; 33B 2.53x/3.62 (MT-Bench, bs1)",MT-Bench; summarization and RAG tasks (names not captured),https://github.com/zankner/hydra,X
1b,EAGLE,2401.15077,2024,ICML 2024,One-layer AR drafter over target second-to-top features plus token shifted one step; static tree,"Drafter reads target features, so one small layer suffices; feature-level AR resolves sampling uncertainty","Needs target hidden states each round, so drafting cannot start before verification ends; drafter has its own (1-layer) KV cache; retrained per target (and per fine-tune)",0.24B / 0.37B / 0.56B / 0.99B drafter for 7B/13B/33B/70B + 1-layer KV,lossless,"tau 3.98 (Vicuna-13B, T=0, MT-Bench); 3.81 (LLaMA2-Chat-70B, T=0)","3.03x (Vicuna-13B, bs1, T=0, MT-Bench); ~2x throughput at max batch","MT-Bench T=0: Vicuna-7B 2.90x/tau 3.94, 13B 3.03x/3.98, 33B 2.97x/3.68; LLaMA2-Chat-70B 2.87x/3.81 (T=1 2.92x)","MT-Bench, HumanEval, GSM8K, Alpaca",https://github.com/SafeAILab/EAGLE,X
1b,EAGLE-2,2406.16858,2024,EMNLP 2024,Context-aware dynamic draft tree using drafter confidence as acceptance proxy; reranking; reuses EAGLE drafter,Spends draft budget where acceptance is likely; no retraining over EAGLE,"Relies on drafter being well calibrated (stated); tree shape changes per step, which breaks static CUDA graphs and batching; still needs target features and per-target drafter",same as EAGLE (0.24B for 7B) + 1-layer KV,lossless,"tau 4.83 (Vicuna-13B, T=0); 4.53 (LLaMA3-Instruct-8B, T=0); dataset column ambiguous in extraction","4.26x (Vicuna-13B, T=0, bs1); 3.80x at T=1",T=0: Vicuna-13B 4.26x/tau 4.83; LLaMA2-Chat-70B 3.51x/4.48; LLaMA3-8B 3.46x/4.53; LLaMA3-70B 3.29x/4.16,"MT-Bench, HumanEval, GSM8K, Alpaca, CNN/DM, Natural Questions",https://github.com/SafeAILab/EAGLE,X
1b,EAGLE-3,2503.01840,2025,NeurIPS 2025 (per repo),"Direct token prediction (no feature loss), fused low/mid/high target features, training-time test",Fused multi-layer features plus training on its own outputs let acceptance keep scaling with training data,"Needs low/mid/high hidden states from the target each round, so drafter is tied to target internals and retrained per target; training-time test multiplies training cost; gain collapses at batch ~56 as verification becomes compute-bound","not reported; ~0.4B for 8B target (1 decoder layer + 3d->d fusion FC + 32k draft-vocab head, est.) + 1-layer KV",lossless,"not captured from EAGLE-3 itself; GTO re-run: tau 6.07 (LLaMA-3.1-8B, T=0), 6.80 (Vicuna-13B)","5.58x (Vicuna-13B, bs1, T=0); vLLM 1.75x bs2 -> 1.01x bs56 (chain 2, no tree)","T=0: Vicuna-13B 5.58x, LLaMA-3.1-8B 4.40x, LLaMA-3.3-70B 4.11x, R1-Distill-LLaMA-8B 4.05x; T=1 3.07x (L3.1-8B)","MT-Bench, HumanEval, GSM8K, Alpaca, CNN/DM (unv.)",https://github.com/SafeAILab/EAGLE,F
1b,HASS,2408.15766,2024,ICLR 2025,Top-K ranking distillation plus multi-step context alignment (train on drafter's own features) over EAGLE-2,"Drafter sees its own features in training, reducing train/inference mismatch at no inference cost",Multi-step (3-step) alignment multiplies training cost vs EAGLE; needs target top-K logits during training; inherits EAGLE-2 per-target drafter and target-feature dependency,"same as EAGLE-2 drafter (~0.24B for 7B, est.) + 1-layer KV",lossless,"tau 5.08 (LLaMA3-Instruct-8B, T=0); 5.58 (LLaMA2-Chat-13B, T=0)","4.05x (LLaMA3-Instruct-70B, H800, bs1, T=0)",T=0: L2-Chat-7B 3.24x/tau 5.15; L2-13B 3.65x/5.58; L3-8B 3.09x/5.08; L3-70B 4.05x/5.21 (EAGLE-2 3.37x/4.50),"MT-Bench, HumanEval, GSM8K (README DeepSeek runs add Alpaca, QA, Summarization)",https://github.com/HArmonizedSS/HASS,X
1b,GRIFFIN,2502.11018,2025,NeurIPS 2025 (per repo),Token-alignable training (mask misaligned tokens) plus draft model with token-guided fusion and token-enhanced head,"Fixes feature/token misalignment between training and decoding, lengthening accepted drafts","Larger drafter than EAGLE (TGF expanded to 11008, dual heads); multi-step training (150-600 A100-h vs HASS 130-500); masking removes loss signal on misaligned (hard) tokens",0.41B / 0.42B / 0.65B / 2.07B drafter for 7B/8B/13B/70B + its KV,lossless,"tau 5.44 (LLaMA3-Instruct-8B, T=0); 4.82 at T=1","3.28x (LLaMA3-8B, A100 80G, bs1, T=0); README claims up to 4.2x",T=0: L3-8B 3.28x/tau 5.44; Vicuna-7B 4.03x/5.47; L2-Chat-7B 3.12x/5.11; L3-70B 3.99x/5.17 (EAGLE-2 4.01x/5.21),"MT-Bench, HumanEval, GSM8K",https://github.com/hsj576/GRIFFIN,X
1b,Falcon,2412.12639,2024,AAAI 2025,Semi-AR drafter (k tokens per pass) with coupled sequential glancing distillation; custom decoding tree,Fewer drafter passes per draft block than a pure AR drafter,"Tokens inside a block are predicted without seeing each other, lowering acceptance (stated; CSGD only partly fixes it); ~2-layer drafter heavier than EAGLE's; needs target features, retrained per target","not reported; ~2 transformer-layer equivalent (LSTM + attention + MLP), ~0.4B for 7B (est.) + KV",lossless,not captured,2.91-3.51x on Vicuna and LLaMA2-Chat (hardware/bs not captured),"Vicuna-7B/13B, LLaMA2-Chat-7B/13B: 2.91-3.51x (per-model split not captured)","MT-Bench, HumanEval, GSM8K",https://github.com/Bestpay-inc/Falcon,X
1b,ReDrafter (Apple),2403.09919,2024,arXiv,RNN drafter conditioned on target hidden states; beam search drafting; dynamic tree attention dedups prefixes; KD from target,Tiny recurrent drafter is cheap per step and runs on-device (MLX),"Beam search (width up to 45) multiplies drafter and verification work, which hurts at batch>1; needs target hidden states; non-greedy implementation may not match the distribution exactly (README)",not reported (lightweight RNN drafter + per-beam state),lossless at T=0; T>0 implementation may not match distribution (README),"tau 4.20 (Vicuna-7B), 4.21 (13B), 3.87 (33B), MT-Bench greedy","2.80x (Vicuna-7B/13B, H100, PyTorch, bs1, greedy); MLX M2 Ultra 13B 1.94x (abstract: up to 2.3x)",MT-Bench: Vicuna-7B 2.80x/tau 4.20; 13B 2.80x/4.21; 33B 2.61x/3.87 (EAGLE 2.69/2.74/2.80x),"MT-Bench, AlpacaEval",https://github.com/apple/ml-recurrent-drafter,X
1c,GTO,2509.22134,2025,ICLR 2026 (per mlanthology/papernotes),Sampling-free draft-tree reward plus group-based policy optimization of the drafter,"Training objective matches tree decoding, so drafter optimizes accepted length of the tree, not per-token loss","Training builds and evaluates grouped draft trees (two phases, 200-900 GPU-h, stated); reward is tied to one tree policy; starts from an EAGLE-3 drafter, so inherits its target-feature dependency and per-target retraining",same as EAGLE-3 drafter (initialized from it); no extra inference memory,lossless,"tau 6.52 (LLaMA-3.1-8B, T=0) vs EAGLE-3 6.07","3.73x (LLaMA-3.1-8B, A100 80GB, bs1, T=0); +7.7% over EAGLE-3",T=0: L3.1-8B 3.73x/tau 6.52; L3.3-70B 4.22x/6.14; R1-Distill-L8B 3.89x/6.37; Vicuna-13B 5.61x/7.29,"MT-Bench, HumanEval, GSM8K",https://github.com/hsj576/GTO,X
1c,LK Losses (Nebius),2602.23881,2026,ICML 2026,"Hybrid KL + total-variation loss with adaptive schedule, directly optimizing acceptance rate","Loss targets acceptance itself, helping low-capacity drafters most; drop-in for any drafter type","TV term needs the full target distribution per training token; objective models chain sampling, not tree verification; fixed per-head aggregation and scheduler hyperparameters (stated)","none beyond the drafter it trains (EAGLE-3, Medusa, MLP speculator, MTP)",lossless,"tau 3.84 vs 3.75 KL (LLaMA-3.1-8B EAGLE-3, T=0, MT-Bench, chain); 3.48 vs 3.39 at T=1","2.62x MT-Bench, 3.35x HumanEval (LLaMA-3.1-8B EAGLE-3, vLLM 0.11, bs1, T=0)","LLaMA-3.1-8B EAGLE-3: tau 3.84 (T=0), speed 2.62x MT-Bench; LLaMA-3.3-70B also tested (numbers not captured)","MT-Bench, HumanEval, GSM8K",none found (weights/data on HF: nebius),X
1c,Draft-OPD,2605.29343,2026,arXiv,"On-policy distillation with target-assisted rollouts, error-position replay, acceptance-aware loss weighting","Drafter trains on its own rollouts, closing exposure bias at deep positions","Training needs the target in the loop for rollouts (RL-style verl stack, teacher inference memory); per-target retraining; main recipe is on a DFlash block drafter, so inherits its target-feature dependency","not reported (DFlash b16 or EAGLE-3 drafter, same as base drafter)",lossless,"tau 5.96 (Qwen3-4B, T=0 thinking); 5.73 (Qwen3-8B); 5.13/5.05 at T=0.6","mean 4.86x (Qwen3-4B, T=0 thinking), 4.89x (Qwen3-8B); hardware/bs not captured",none,"GSM8K, MATH-500, AIME25, MBPP, HumanEval, SWE-Lite, MT-Bench",https://github.com/bingyang-lei/Draft-OPD,X
1c,VAT (NAVER),2608.30135,2026,arXiv,Simulate target verification at each training step; accept/reject patterns supervise via verification head and per-position weights,"Drafter learns where verification actually rejects, raising accepted length at no inference cost","Each training step runs a simulated verification (target forward), raising training cost; verification head is training-only; drafter still per-target",none beyond base drafter (EAGLE-3 or DFlash); verification head training-only,lossless,"tau 6.78 vs 6.28 (Qwen3-4B EAGLE-3, T=0); DFlash 6.08 vs 5.73","4.39x vs 4.07x (Qwen3-4B EAGLE-3, A100 80GB, bf16, HF, T=0)","LLaMA-3.1-8B: EAGLE-3 tau +2.5%, speed +3.8%; DFlash tau +3.8%, speed +3.4%","GSM8K, MATH-500, AIME25, HumanEval, MBPP, LiveCodeBench, MT-Bench, Alpaca",https://github.com/naver-ai/VAT (per paper; README not fetched),X
1c,OnlineSPEC,2603.12617,2026,ICML 2026,"Online learning (dynamic regret) evolves drafters from verification feedback; Ens-EAGLE(-3), Opt-Hydra, Online-LR",Drafter adapts to live traffic with a regret bound linked to speedup,Ens-EAGLE keeps N=O(log T) drafter copies with different learning rates (memory xN); online updates use serving GPUs and drafter drifts; Online-LR variant is step-level and lossy,Ens: N=O(log T) drafter copies + optimizer state (not quantified); Opt-Hydra: Hydra heads + momentum state,lossless (token-level variants); Online-LR lossy (MMLU acc 84.52% reported),"tau 2.70 (Opt-Hydra, Vicuna-7B, Alpaca-finance); 2.73 (Vicuna-13B); 2.01 (Ens-EAGLE, GSM8K)","1.55x (Opt-Hydra, Vicuna-7B); 1.84x (Vicuna-13B); 4x A800 80GB","Vicuna-7B: Opt-Hydra 1.55x/tau 2.70, Ens-EAGLE 1.41x/2.01, Ens-EAGLE-3 1.26x/2.16; Vicuna-13B Opt-Hydra 1.84x/2.73","GSM8K, MATH, MMLU (math subset), Code-Search-Python, Spider, MBPP, Alpaca-finance",https://github.com/ZinYY/OnlineSPEC,X
1c,EDA,2603.09527,2026,venue? (not stated),Drafter split into frozen shared and trainable private MoE experts; regenerate data with fine-tuned target; select high-value samples,Re-aligns a drafter to a fine-tuned target with 27.5% of params and ~61% of retrain cost,MoE drafter (shared + private experts + router) is larger than a plain EAGLE drafter; still needs the fine-tuned target to regenerate data and retrain the private part per fine-tune,"~462 MB drafter, 127 MB trainable private part",lossless,"tau 4.79 vs 4.37 (Qwen2.5-Math-7B, T=0); 5.18 vs 4.59 (Coder-7B)","3.06x vs ~2.88x (Math-7B, T=0, notes); PDF extract 3.27x, README 3.45x (inconsistent); 4x H200",none,"Math: GSM8K, AIME24, SVAMP, MATH, MathQA; Code: HumanEval(+), APPS, BigCodeBench, MBPP; Medical: MedMCQA, MedQA, PubMedQA, MMLU-clinical (repo)",https://github.com/Lyn-Lucy/Efficient-Draft-Adaptation,X
